segment_id,elevation_m,slope_deg,distance_to_shore_m
SEG_001,6.574554585349896,0.22255270059106802,27.502931836911927
SEG_002,7.825632618686457,3.2218555487767606,26.19552624343482
SEG_003,8.391944679460732,0.5246482004728046,88.1631184002772
SEG_004,1.250199331269949,4.367114033359789,61.97103685374154
SEG_005,6.837759307995321,0.32254507676169486,39.526339608762896
SEG_006,9.896665671813173,2.760850418505511,25.33137652026174
SEG_007,7.490454077052473,0.40517830147071654,13.80824857852102
SEG_008,2.309575375092014,1.415461780489408,67.36719206345785
SEG_009,9.674309388281369,2.209232165061893,1.0547772784579967
SEG_010,9.030169323391402,4.777890405601049,49.48877199432668
SEG_011,7.155327631838473,4.743037801843075,56.36064867831937
SEG_012,6.9381048378642225,1.4185095384178898,40.950719649554216
SEG_013,6.612287807289722,0.868944129178532,84.88455747760007
SEG_014,6.776870066618785,2.4225396191029622,53.34677638103494
SEG_015,9.295686984079566,2.233349429308544,6.4080456369310586
SEG_016,4.411490756128279,2.846716357334116,39.47520796201833
SEG_017,5.294928788064331,1.1882195779419302,28.978302915668706
SEG_018,6.38777736926106,2.831988376517555,82.52525047036826
SEG_019,9.175440519718899,1.5922956518877889,94.33332974961137
SEG_020,1.8294580417806927,1.0461543226561436,71.97390347449746
SEG_021,5.6436321016501925,0.746934107110903,34.67002467820791
SEG_022,4.106343038595263,1.1499426023649417,22.7554212567046
SEG_023,8.302970978823515,0.20326363118326748,96.68051593395279
SEG_024,9.118473254998584,2.440295689343862,14.860653865476126
SEG_025,9.838030343822572,4.046399054335166,98.90000788986222
SEG_026,5.469259615425312,3.933038272292965,19.185154771556835
SEG_027,5.370146244005181,3.8296866324714975,14.928114313979535
SEG_028,0.5574052677591168,4.3623470254916485,6.9984919977644005
SEG_029,8.067370375245211,2.646781773510125,60.16176386980413
SEG_030,5.056731501438836,2.6235562865219793,99.79544257877332
SEG_031,6.525902641871914,2.799301237688803,81.68470296426482
SEG_032,3.9230053791625212,4.294167509724882,43.09014457465179
SEG_033,4.861713374468615,3.0198827654209226,10.707665340479744
SEG_034,5.280781448810794,3.53230901247546,47.675832911648406
SEG_035,0.9268267548118343,4.27495280274078,15.917967432517043
SEG_036,8.756026031090505,0.7233901524123004,63.03381783850141
SEG_037,4.914991357065718,1.6626391771212443,11.353629341407546
SEG_038,0.6013880063626378,2.2661947806839478,52.60025947905228
SEG_039,6.106453671674783,1.0683039421066027,81.28351093420395
SEG_040,2.510789413308266,1.5844871798677775,58.42347742026054
SEG_041,4.848656544158761,3.3604691630722923,76.99278281742687
SEG_042,1.4748160006906925,3.1798741052477646,47.11093323840287
SEG_043,5.476739100730377,0.19996373212766744,60.615942672566234
SEG_044,4.289389075820068,3.6442077807835505,20.591508035367067
SEG_045,8.018063513676417,3.342683150889541,17.277994864462798
SEG_046,6.548742957938276,4.766882466830016,79.2762525605914
SEG_047,8.68126200679631,0.433170683239945,51.338458798726585
SEG_048,1.782016490299344,0.33688788636347466,15.590941046578521
SEG_049,1.6648757817879019,3.2571240140089377,94.25787305209091
SEG_050,8.044017626732362,0.5018435041376045,16.837980736143287
SEG_051,7.501533986274606,2.714360177910751,85.71757980671889
SEG_052,5.622678617211529,1.2066360260070306,39.70021346948185
SEG_053,1.7603238751354495,4.66379444852159,35.78789361932792
SEG_054,5.4546546296308405,3.5529619644188446,58.197695937766134
SEG_055,1.0783695920376066,4.205486814085263,75.06068407769206
SEG_056,5.267442303598144,4.058376505890966,29.76288620128039
SEG_057,5.038688804578022,1.8704487518023167,69.69908917602027
SEG_058,9.860639863741977,3.3317017971989333,49.996917717221045
SEG_059,1.8418814337651428,2.423261125316504,80.47734820161358
SEG_060,9.595634535687868,0.5849758213048509,79.52616930603564
SEG_061,3.995455901181225,3.6152818872306978,98.72991302509861
SEG_062,7.643028768198926,2.206982690387152,94.6634915622355
SEG_063,2.547499276264802,4.401292116558611,22.972182200824143
SEG_064,4.643127774315338,0.8096697976985858,7.510371650239778
SEG_065,7.626142199623783,2.1958612861079727,88.85555989141176
SEG_066,6.059410601656105,1.1829546863828,78.93186388438107
SEG_067,1.4099070631106327,1.2926355449047036,33.35383531102162
SEG_068,7.022877048532608,4.697513742299915,62.8341787879835
SEG_069,0.8614886775519626,4.967239553360742,60.246482244796795
SEG_070,9.209793248450742,1.9460020775355638,22.387675831326494
SEG_071,2.8339968417551527,1.4402821393849599,28.74735114703446
SEG_072,5.33521675671191,3.116977458390976,67.2903902792903
SEG_073,1.8945439679974299,3.1230045255232293,74.69929601542283
SEG_074,5.97407118284185,4.621960535746831,36.33020835525479
SEG_075,3.0673620490415017,3.409447775596518,86.85421528989734
SEG_076,7.377133438190788,4.211585401529311,32.000000615945346
SEG_077,5.936868022300284,2.769369809246314,65.03017401868931
SEG_078,4.579288306359971,1.4113511722680285,74.54231087454316
SEG_079,7.991871194227372,0.4904863408490656,91.79706844475281
SEG_080,1.8717896446252962,3.9946582597188045,67.56565242989642
SEG_081,1.9825700751501867,0.37489140137789834,56.73860289060829
SEG_082,0.6262093362005019,0.20413086468759353,69.327944729115
SEG_083,5.9303963047656065,4.848291943315363,40.150017039155685
SEG_084,5.452704203001972,3.5655149995930797,64.6896751963754
SEG_085,5.032110951816329,1.4958113927395114,61.43004182636417
SEG_086,9.42117307776309,3.714130416373683,38.124893930688486
SEG_087,9.600790108366176,1.3751191547917854,2.8903155442082773
SEG_088,5.786760463560119,4.702450481044304,14.474805153951209
SEG_089,5.792286636948968,4.318387291551306,67.35776178324775
SEG_090,7.708401341181213,2.312374232876517,26.410593561214913
SEG_091,6.009715092174387,3.083389855076418,25.7821127449261
SEG_092,9.19187050285455,3.665324499478233,23.563443690333465
SEG_093,8.571001697149306,3.6901297827146227,59.98957168221434
SEG_094,6.078840593627888,0.11090961409819779,31.181913204815935
SEG_095,4.48041386281676,3.0689512079854615,12.644519647826124
SEG_096,5.750407553365528,0.3351715742755551,50.3214335720638
SEG_097,2.021115686922138,2.7999603633748027,24.928153997042436
SEG_098,2.6856475304624663,3.035815895118405,32.129110839220154
SEG_099,1.2528034214940957,1.1790745237074933,67.45117840734257
SEG_100,2.9888681405032,2.561463598752443,36.68897634222472
