segment_id,predicted_change,priority_score,priority_class
SEG_001,-0.8035654,1.2256934296415418,Medium
SEG_002,-0.0955179,0.4914427732110142,Low
SEG_003,-1.3415769,1.7325955808552334,High
SEG_004,-1.5018398,1.862068279960523,High
SEG_005,-1.0640825,1.248465790558847,Medium
SEG_006,-1.3665591,1.571172804298835,High
SEG_007,-1.693212,2.042326658209893,High
SEG_008,-1.0947636,1.4999444934131654,High
SEG_009,-0.33858335,0.7379080232009125,Medium
SEG_010,0.028404994,0.4678467402864545,Low
SEG_011,-1.2955264,1.6360679882375693,High
SEG_012,-0.6158017,0.8141454616798842,Medium
SEG_013,-0.49001932,0.7750879394598349,Medium
SEG_014,-0.51904964,0.7370659762513789,Medium
SEG_015,-0.75489944,1.0955053905184844,Medium
SEG_016,-0.66764104,0.7677519890067575,Medium
SEG_017,-0.6586647,0.9893479643038434,Medium
SEG_018,-0.8828768,1.0420725679493776,Medium
SEG_019,-0.285493,0.7361606704118581,Low
SEG_020,-0.24885027,0.5281906282098581,Low
SEG_021,-0.19327238,0.34766134558213513,Low
SEG_022,-1.0087817,1.35688716181855,Medium
SEG_023,-0.507829,0.8174477212243767,Medium
SEG_024,-1.352993,1.539215079901877,High
SEG_025,-0.54197365,0.692587051109077,Low
SEG_026,-0.079721235,0.2081012154340347,Low
SEG_027,-0.29542932,0.7584734026400581,Medium
SEG_028,-0.528163,0.7966145192929852,Medium
SEG_029,-0.7596367,0.8779133766048838,Medium
SEG_030,-0.15320997,0.3227819934701354,Low
SEG_031,-0.8145596,0.9630744489359769,Medium
SEG_032,-0.37665823,0.6893808471921972,Low
SEG_033,-1.5560766,1.90012318760458,High
SEG_034,-0.4690952,0.6474942748146418,Low
SEG_035,-1.4482508,1.8578098349056007,High
SEG_036,0.3598095,-0.174905344781622,Low
SEG_037,-1.3523741,1.7693361750561576,High
SEG_038,0.7048954,-0.48573601929295207,Low
SEG_039,0.15033591,0.25909286254446307,Low
SEG_040,-2.0512443,2.305643803044801,High
SEG_041,-1.6845162,2.1098284263834817,High
SEG_042,-0.7561339,1.0502262531953264,Medium
SEG_043,-0.8953631,1.2043502306756362,Medium
SEG_044,-2.3528864,2.524638693818711,High
SEG_045,-1.8274884,1.921684286970726,High
SEG_046,-2.0038671,2.3705152787590236,High
SEG_047,-1.4701028,1.893162942116331,High
SEG_048,-1.5844846,1.8035568365919534,High
SEG_049,-0.640407,0.8982565970884979,Medium
SEG_050,-0.27979553,0.47244337481237936,Low
SEG_051,-2.013093,2.3831309973707513,High
SEG_052,-0.19158491,0.6349896816965611,Low
SEG_053,-0.5937473,0.8239260880089728,Medium
SEG_054,-0.49994004,0.9057160309872263,Medium
SEG_055,-2.2955291,2.620364955281068,High
SEG_056,0.46535927,-0.2157582324911434,Low
SEG_057,-0.29541868,0.6016986480175086,Low
SEG_058,0.5082294,-0.05372986259317686,Low
SEG_059,-1.8124803,1.8772451884352297,High
SEG_060,0.21522452,-0.0018797177513660834,Low
SEG_061,-1.0015528,1.3885996935518543,Medium
SEG_062,0.5588015,-0.46026268679094534,Low
SEG_063,-1.8804824,1.976842704831092,High
SEG_064,-2.1557918,2.512864227672974,High
SEG_065,0.070658274,0.05446518415111151,Low
SEG_066,-0.8183173,1.1712774815547111,Medium
SEG_067,-2.0033982,2.0908508489239903,High
SEG_068,-0.889386,1.15506263560318,Medium
SEG_069,-0.037088826,0.22416759858677612,Low
SEG_070,-1.6313039,2.019532056248604,High
SEG_071,0.7842186,-0.41376886391809153,Low
SEG_072,-1.9499984,2.1763177341188973,High
SEG_073,-0.036273606,0.4014271906512412,Low
SEG_074,0.038811177,0.24458151472763717,Low
SEG_075,-1.0126615,1.170835712406539,Medium
SEG_076,-1.4059563,1.7244662027542577,High
SEG_077,-1.2867167,1.459407947334217,Medium
SEG_078,-0.8356934,1.1169679249661906,Medium
SEG_079,-1.2948307,1.3357734366815321,Medium
SEG_080,-0.06946159,0.40732598961915983,Low
SEG_081,0.45114917,-0.14793643227855918,Low
SEG_082,-1.5456271,1.856278300327388,High
SEG_083,-1.8574201,2.1430404139619537,High
SEG_084,-1.295724,1.637489755781806,High
SEG_085,0.16600966,0.1632984508168776,Low
SEG_086,-1.7794727,2.1403320541912416,High
SEG_087,-0.37122008,0.7097134709154803,Low
SEG_088,-0.39107728,0.5362150732471329,Low
SEG_089,-0.5631836,0.9008456676893659,Medium
SEG_090,-0.99923074,1.4294572528799452,Medium
SEG_091,-0.27529028,0.422310021789466,Low
SEG_092,-0.18395472,0.2438249300721964,Low
SEG_093,0.5555278,-0.14860459616874172,Low
SEG_094,-0.78995144,0.9474962773846042,Medium
SEG_095,0.00196811,0.437707611713292,Low
SEG_096,-1.0245411,1.317656418269979,Medium
SEG_097,-1.2908211,1.5896170189368704,High
SEG_098,-1.9758327,2.085252263355021,High
SEG_099,-0.3472128,0.7704837212678389,Medium
SEG_100,-1.2541623,1.642856451900189,High
