segment_id,longitude,latitude,observation_date,sensor,source_mode,source,scene_id,scene_cloud_cover_percent,blue,green,red,nir,swir1,swir2,ndvi,ndwi,mndwi,savi,water_probability,land_water_class,classification_confidence,classification_method,quality_flag
SEG_001,80.2,13.0,2026-09-28,Landsat-compatible synthetic,synthetic_fallback,Synthetic fallback,SYNTHETIC_LANDSAT_DEMO,0.0,0.05073447217019246,0.1609315045179678,0.11654959333250167,0.25893399876644846,0.15094510853089652,0.11596402679331423,0.2684006357503802,0.21940443812874194,0.1743773663803545,0.2563574818795596,0.6245552617002532,water,0.6245552617002532,synthetic_mndwi_aligned_demo,SYNTHETIC
SEG_002,80.20100000000001,12.995,2026-09-28,Landsat-compatible synthetic,synthetic_fallback,Synthetic fallback,SYNTHETIC_LANDSAT_DEMO,0.0,0.08701264013378068,0.17276985481571444,0.11871909292984811,0.2500887791362219,0.16512437593442145,0.12904577770689576,0.3406084415694687,0.2528544436881533,0.2488926018344803,0.32333441154308934,0.6777804298817717,water,0.6777804298817717,synthetic_mndwi_aligned_demo,SYNTHETIC
SEG_003,80.202,12.99,2026-09-28,Landsat-compatible synthetic,synthetic_fallback,Synthetic fallback,SYNTHETIC_LANDSAT_DEMO,0.0,0.07357508266755339,0.18064443359121807,0.12236957697505892,0.2772114056503085,0.15864577148069145,0.140929315459175,0.28075304041206545,0.26553009534500815,0.19217761502456635,0.23400419988819157,0.6372697250175474,water,0.6372697250175474,synthetic_mndwi_aligned_demo,SYNTHETIC
SEG_004,80.203,12.985,2026-09-28,Landsat-compatible synthetic,synthetic_fallback,Synthetic fallback,SYNTHETIC_LANDSAT_DEMO,0.0,0.08923969133863244,0.2188392405756907,0.11250612312964922,0.24791941310357501,0.12318563228458414,0.1367520610352212,0.289233250276382,0.3757603042875292,0.40649486803182144,0.2214350808874884,0.7903534771655868,water,0.7903534771655868,synthetic_mndwi_aligned_demo,SYNTHETIC
SEG_005,80.20400000000001,12.98,2026-09-28,Landsat-compatible synthetic,synthetic_fallback,Synthetic fallback,SYNTHETIC_LANDSAT_DEMO,0.0,0.08175028713711092,0.19727284905169068,0.12659668067780766,0.27796364367644294,0.15745442486504985,0.1284525042726674,0.32373754957075906,0.2825463454904394,0.32247692792776106,0.28214175682714676,0.7303406628055437,water,0.7303406628055437,synthetic_mndwi_aligned_demo,SYNTHETIC
SEG_006,80.205,12.975,2026-09-28,Landsat-compatible synthetic,synthetic_fallback,Synthetic fallback,SYNTHETIC_LANDSAT_DEMO,0.0,0.07294441018560807,0.17976422713351387,0.10941630190979425,0.30965635438988737,0.12700614756315926,0.14682378299344892,0.3228282160902746,0.22611525326817794,0.31354460245951793,0.26481384718601436,0.7239604303282271,water,0.7239604303282271,synthetic_mndwi_aligned_demo,SYNTHETIC
SEG_007,80.206,12.97,2026-09-28,Landsat-compatible synthetic,synthetic_fallback,Synthetic fallback,SYNTHETIC_LANDSAT_DEMO,0.0,0.09066839869689283,0.20317168563671384,0.10919275850456629,0.2563230322419215,0.16802859145924895,0.12886917256965238,0.27881827058535674,0.19238370722418333,0.182618523317883,0.25458219993833153,0.6304418023699164,water,0.6304418023699164,synthetic_mndwi_aligned_demo,SYNTHETIC
SEG_008,80.20700000000001,12.965,2026-09-28,Landsat-compatible synthetic,synthetic_fallback,Synthetic fallback,SYNTHETIC_LANDSAT_DEMO,0.0,0.08213638604105848,0.2034638192642791,0.10877871870031632,0.2680259503000961,0.16044416765069208,0.12415895702267152,0.24062458023178307,0.18618566741299675,0.24135280457309344,0.21944571551862854,0.6723948604093525,water,0.6723948604093525,synthetic_mndwi_aligned_demo,SYNTHETIC
SEG_009,80.208,12.96,2026-09-28,Landsat-compatible synthetic,synthetic_fallback,Synthetic fallback,SYNTHETIC_LANDSAT_DEMO,0.0,0.06206240531616441,0.20595267162570377,0.10791164082571307,0.2655489733244225,0.149348405665628,0.13271740151060674,0.2523662035623033,0.38354731945589954,0.40533055024980386,0.20305913620800797,0.7895218216070028,water,0.7895218216070028,synthetic_mndwi_aligned_demo,SYNTHETIC
SEG_010,80.209,12.955,2026-09-28,Landsat-compatible synthetic,synthetic_fallback,Synthetic fallback,SYNTHETIC_LANDSAT_DEMO,0.0,0.054689983490629555,0.16891851761445192,0.09481989556435788,0.2417668805615934,0.14566952570582664,0.10402965182988512,0.26698051251630434,0.42112127785019254,0.4465191765728418,0.22454188931166671,0.8189422689806013,water,0.8189422689806013,synthetic_mndwi_aligned_demo,SYNTHETIC
SEG_011,80.21000000000001,12.95,2026-09-28,Landsat-compatible synthetic,synthetic_fallback,Synthetic fallback,SYNTHETIC_LANDSAT_DEMO,0.0,0.06599573479985185,0.19135347139270487,0.0994655668974522,0.2629446844969313,0.1574783845615761,0.08999136898609555,0.31420511394445405,0.36517972548775146,0.386555563751437,0.2891998139067985,0.7761111169653122,water,0.7761111169653122,synthetic_mndwi_aligned_demo,SYNTHETIC
SEG_012,80.211,12.945,2026-09-28,Landsat-compatible synthetic,synthetic_fallback,Synthetic fallback,SYNTHETIC_LANDSAT_DEMO,0.0,0.08108194261570804,0.18837047845242838,0.11824303433745781,0.2667818478023998,0.16833516203428775,0.11625255481683508,0.26235544164313745,0.4383593185008036,0.47400831584261127,0.1796203897650132,0.8385773684590081,water,0.8385773684590081,synthetic_mndwi_aligned_demo,SYNTHETIC
SEG_013,80.212,12.94,2026-09-28,Landsat-compatible synthetic,synthetic_fallback,Synthetic fallback,SYNTHETIC_LANDSAT_DEMO,0.0,0.09252666868871867,0.20228365141327823,0.13694994074970052,0.23527893673489317,0.12827218155714498,0.10632225094160147,0.24998013092964438,0.39185555679550704,0.3786557557572011,0.2532587385474108,0.7704683969694295,water,0.7704683969694295,synthetic_mndwi_aligned_demo,SYNTHETIC
SEG_014,80.21300000000001,12.935,2026-09-28,Landsat-compatible synthetic,synthetic_fallback,Synthetic fallback,SYNTHETIC_LANDSAT_DEMO,0.0,0.057937905582460134,0.17766367776158629,0.12116028897676308,0.2786652578723088,0.1774655436016643,0.18030198993440946,0.17712093674949264,0.48749054145229287,0.4493814846434286,0.14388611532410553,0.8209867747453061,water,0.8209867747453061,synthetic_mndwi_aligned_demo,SYNTHETIC
SEG_015,80.214,12.93,2026-09-28,Landsat-compatible synthetic,synthetic_fallback,Synthetic fallback,SYNTHETIC_LANDSAT_DEMO,0.0,0.06780588357034512,0.1929896013401411,0.1071891653497899,0.2546271411611553,0.15469867143608435,0.1218442248051721,0.18146913321564928,0.40449588674949166,0.5324186635933702,0.16228010710361696,0.8802990454238359,water,0.8802990454238359,synthetic_mndwi_aligned_demo,SYNTHETIC
SEG_016,80.215,12.925,2026-09-28,Landsat-compatible synthetic,synthetic_fallback,Synthetic fallback,SYNTHETIC_LANDSAT_DEMO,0.0,0.0791932617377252,0.2355133339299799,0.11859332096624088,0.28137247205483845,0.12482066845623917,0.09614638901327728,0.16803984279261994,0.40338741477729456,0.503868391459556,0.128244629101527,0.8599059938996828,water,0.8599059938996828,synthetic_mndwi_aligned_demo,SYNTHETIC
SEG_017,80.21600000000001,12.92,2026-09-28,Landsat-compatible synthetic,synthetic_fallback,Synthetic fallback,SYNTHETIC_LANDSAT_DEMO,0.0,0.09257733805604518,0.18014814053820713,0.13060363084369178,0.26647359589975594,0.1341088869219036,0.12097806537734367,0.16849821747109384,0.5828752864448016,0.45516710249869174,0.11858188447369819,0.8251193589276371,water,0.8251193589276371,synthetic_mndwi_aligned_demo,SYNTHETIC
SEG_018,80.217,12.915,2026-09-28,Landsat-compatible synthetic,synthetic_fallback,Synthetic fallback,SYNTHETIC_LANDSAT_DEMO,0.0,0.06083093638520572,0.20322259827112482,0.13962451738005394,0.2643090476698489,0.13291368358194933,0.12594568287536845,0.20309257330512973,0.46697198909661397,0.49427099791706075,0.13586051439634284,0.8530507127979006,water,0.8530507127979006,synthetic_mndwi_aligned_demo,SYNTHETIC
SEG_019,80.218,12.91,2026-09-28,Landsat-compatible synthetic,synthetic_fallback,Synthetic fallback,SYNTHETIC_LANDSAT_DEMO,0.0,0.08643134657692421,0.237267701329763,0.11911760307476299,0.22754284162481547,0.09944608915278275,0.14646597715478182,0.18154567417827988,0.639158903396055,0.6638145372460792,0.18750248435333455,0.9741532408900567,water,0.9741532408900567,synthetic_mndwi_aligned_demo,SYNTHETIC
SEG_020,80.21900000000001,12.905,2026-09-28,Landsat-compatible synthetic,synthetic_fallback,Synthetic fallback,SYNTHETIC_LANDSAT_DEMO,0.0,0.06339431476934768,0.19043585141216193,0.12659056074806074,0.24543157778988486,0.12448457292650049,0.10840075023823129,0.1529670586137463,0.6852685555138025,0.7082597947819618,0.17386532858895043,1.0,water,1.0,synthetic_mndwi_aligned_demo,SYNTHETIC
SEG_021,80.22,12.9,2026-09-28,Landsat-compatible synthetic,synthetic_fallback,Synthetic fallback,SYNTHETIC_LANDSAT_DEMO,0.0,0.049247418484534664,0.20329411086354757,0.10327633154082734,0.22990574551330725,0.1121013540337376,0.10904905228383385,0.20376072023897943,0.6121470669678527,0.606711972553748,0.19251477600143824,0.9333656946812486,water,0.9333656946812486,synthetic_mndwi_aligned_demo,SYNTHETIC
SEG_022,80.221,12.895,2026-09-28,Landsat-compatible synthetic,synthetic_fallback,Synthetic fallback,SYNTHETIC_LANDSAT_DEMO,0.0,0.0750849035845706,0.22647865287145505,0.12643702506782392,0.2816084851222434,0.12388051595829826,0.09965765140122296,0.08173532436174819,0.6624252986897398,0.6605874091340748,0.0549499427074786,0.9718481493814821,water,0.9718481493814821,synthetic_mndwi_aligned_demo,SYNTHETIC
SEG_023,80.22200000000001,12.89,2026-09-28,Landsat-compatible synthetic,synthetic_fallback,Synthetic fallback,SYNTHETIC_LANDSAT_DEMO,0.0,0.08135734672441812,0.20757475794298025,0.155123787298526,0.30011273160445573,0.11417239381357092,0.11124214142881435,0.13191616322414002,0.5858491850122763,0.5752547835050537,0.07959709657351802,0.9108962739321812,water,0.9108962739321812,synthetic_mndwi_aligned_demo,SYNTHETIC
SEG_024,80.223,12.885,2026-09-28,Landsat-compatible synthetic,synthetic_fallback,Synthetic fallback,SYNTHETIC_LANDSAT_DEMO,0.0,0.06906374243384587,0.18612314915306824,0.08606690372407041,0.2445521561356261,0.11474411431977852,0.11020513349825437,0.08618804149248788,0.49908824907602456,0.48015194886060414,0.10943544389526169,0.8429656777575744,water,0.8429656777575744,synthetic_mndwi_aligned_demo,SYNTHETIC
SEG_025,80.224,12.88,2026-09-28,Landsat-compatible synthetic,synthetic_fallback,Synthetic fallback,SYNTHETIC_LANDSAT_DEMO,0.0,0.11193870668042447,0.17542520598967723,0.10167024384919819,0.29531270057794384,0.1916342713658608,0.09539500980833532,0.09389862369911028,0.4238777368975486,0.5293414403789465,0.03580247278251403,0.8781010288421046,water,0.8781010288421046,synthetic_mndwi_aligned_demo,SYNTHETIC
SEG_026,80.22500000000001,12.875,2026-09-28,Landsat-compatible synthetic,synthetic_fallback,Synthetic fallback,SYNTHETIC_LANDSAT_DEMO,0.0,0.07632083231086835,0.21836608915764294,0.12453122438954803,0.24054743185650374,0.1287993686641691,0.08968274619619232,0.09951333637256216,0.6742052995745369,0.5704834409102013,0.05498062356383071,0.9074881720787152,water,0.9074881720787152,synthetic_mndwi_aligned_demo,SYNTHETIC
SEG_027,80.226,12.87,2026-09-28,Landsat-compatible synthetic,synthetic_fallback,Synthetic fallback,SYNTHETIC_LANDSAT_DEMO,0.0,0.08707307783817708,0.2234355463428126,0.12105581734630673,0.25517202305358133,0.1320865694685373,0.11682045787541227,0.06378112843601251,0.5934609430379763,0.5795307496604009,0.03755414260604015,0.9139505354717149,water,0.9139505354717149,synthetic_mndwi_aligned_demo,SYNTHETIC
SEG_028,80.227,12.865,2026-09-28,Landsat-compatible synthetic,synthetic_fallback,Synthetic fallback,SYNTHETIC_LANDSAT_DEMO,0.0,0.10360032353712864,0.2092247312976497,0.10703099706109775,0.21980543716781822,0.1569381087536277,0.12374718425642312,0.07615723967403676,0.5318578102581826,0.5376950061629919,0.1275287029908491,0.8840678615449943,water,0.8840678615449943,synthetic_mndwi_aligned_demo,SYNTHETIC
SEG_029,80.22800000000001,12.86,2026-09-28,Landsat-compatible synthetic,synthetic_fallback,Synthetic fallback,SYNTHETIC_LANDSAT_DEMO,0.0,0.06334353973378283,0.1957244067737202,0.12428937785376767,0.23964357101680664,0.12271294763052992,0.11277533171596163,-0.016680989420994344,0.6845188819614703,0.6288725730679794,-0.0005462308614143044,0.9491946950485567,water,0.9491946950485567,synthetic_mndwi_aligned_demo,SYNTHETIC
SEG_030,80.229,12.855,2026-09-28,Landsat-compatible synthetic,synthetic_fallback,Synthetic fallback,SYNTHETIC_LANDSAT_DEMO,0.0,0.07644724603235474,0.20607307967126587,0.12345152063727666,0.23564408150711696,0.09668702529565719,0.12401707843046528,0.04941946040149209,0.6518602994750126,0.5635707810954231,-0.03499321188667065,0.9025505579253023,water,0.9025505579253023,synthetic_mndwi_aligned_demo,SYNTHETIC
SEG_031,80.23,12.85,2026-09-28,Landsat-compatible synthetic,synthetic_fallback,Synthetic fallback,SYNTHETIC_LANDSAT_DEMO,0.0,0.07908013481256729,0.18747956520811043,0.11552619546053099,0.2697859246381283,0.13598118556201738,0.14610869668600948,-0.02715190229345675,0.7652680663766269,0.7134383855547356,-0.03293487364312506,1.0,water,1.0,synthetic_mndwi_aligned_demo,SYNTHETIC
SEG_032,80.23100000000001,12.845,2026-09-28,Landsat-compatible synthetic,synthetic_fallback,Synthetic fallback,SYNTHETIC_LANDSAT_DEMO,0.0,0.09241982265195589,0.20043867626791692,0.12013058658047802,0.22690240770454326,0.14682905951863323,0.09006383219909161,0.04338003287050192,0.7638884550353445,0.659252383465277,0.05004282270207559,0.970894559618055,water,0.970894559618055,synthetic_mndwi_aligned_demo,SYNTHETIC
SEG_033,80.232,12.84,2026-09-28,Landsat-compatible synthetic,synthetic_fallback,Synthetic fallback,SYNTHETIC_LANDSAT_DEMO,0.0,0.10730969236470203,0.21924690285575343,0.09620768207178097,0.239384741144647,0.105770594856878,0.10500299411969397,0.010585704671020388,0.6860600514325532,0.615785225824514,0.03152391863230512,0.9398465898746529,water,0.9398465898746529,synthetic_mndwi_aligned_demo,SYNTHETIC
SEG_034,80.233,12.835,2026-09-28,Landsat-compatible synthetic,synthetic_fallback,Synthetic fallback,SYNTHETIC_LANDSAT_DEMO,0.0,0.08049173139314392,0.18209318526698284,0.10919415008244332,0.25149396557182085,0.1500757554038772,0.1257508411898834,0.03693728783039768,0.6186738806504104,0.6606097063651352,0.0009851736626260606,0.9718640759750965,water,0.9718640759750965,synthetic_mndwi_aligned_demo,SYNTHETIC
SEG_035,80.23400000000001,12.83,2026-09-28,Landsat-compatible synthetic,synthetic_fallback,Synthetic fallback,SYNTHETIC_LANDSAT_DEMO,0.0,0.1042431452247681,0.15238936541981712,0.11077932016142639,0.256543300373369,0.1113004483160312,0.1558648500051582,0.017706423035351013,0.3456752882917538,0.3413532738977991,0.027467168141229154,0.7438237670698565,water,0.7438237670698565,synthetic_mndwi_aligned_demo,SYNTHETIC
SEG_036,80.235,12.825,2026-09-28,Landsat-compatible synthetic,synthetic_fallback,Synthetic fallback,SYNTHETIC_LANDSAT_DEMO,0.0,0.09602707333983558,0.20616001469294046,0.12282801935465405,0.25019855116117506,0.11585502684246601,0.11554697210499586,0.03439970179131909,0.5033047375636196,0.5375613572549273,0.053652657221607544,0.8839723980392339,water,0.8839723980392339,synthetic_mndwi_aligned_demo,SYNTHETIC
SEG_037,80.236,12.82,2026-09-28,Landsat-compatible synthetic,synthetic_fallback,Synthetic fallback,SYNTHETIC_LANDSAT_DEMO,0.0,0.07812486454520634,0.22874453118770857,0.10860983899189514,0.22062543744732402,0.1401518485434625,0.13777228357517732,0.011816878795820223,0.5378749606778451,0.4778855058632275,-0.021711735482905087,0.8413467899023053,water,0.8413467899023053,synthetic_mndwi_aligned_demo,SYNTHETIC
SEG_038,80.23700000000001,12.815,2026-09-28,Landsat-compatible synthetic,synthetic_fallback,Synthetic fallback,SYNTHETIC_LANDSAT_DEMO,0.0,0.0883117475198614,0.24541812046953532,0.11599157402254703,0.19456694592064863,0.16850376415207577,0.11198095291824987,0.046550032223114955,0.5230341005193325,0.47162646156534094,0.06482212939634957,0.8368760439752435,water,0.8368760439752435,synthetic_mndwi_aligned_demo,SYNTHETIC
SEG_039,80.238,12.81,2026-09-28,Landsat-compatible synthetic,synthetic_fallback,Synthetic fallback,SYNTHETIC_LANDSAT_DEMO,0.0,0.055980830943217194,0.18246433363068248,0.12572116394342503,0.25747162180446864,0.14259165929758238,0.09339762289096173,0.04366925734149382,0.3625409133162384,0.4586764857797739,-0.0004305476829144367,0.827626061271267,water,0.827626061271267,synthetic_mndwi_aligned_demo,SYNTHETIC
SEG_040,80.239,12.805,2026-09-28,Landsat-compatible synthetic,synthetic_fallback,Synthetic fallback,SYNTHETIC_LANDSAT_DEMO,0.0,0.09052930439331905,0.19249935939592008,0.13155488889771114,0.2449658212675101,0.1584331306685963,0.11617200398785592,-0.007644630853666004,0.2150567068503608,0.24336326886866094,0.007283636925882249,0.6738309063347578,water,0.6738309063347578,synthetic_mndwi_aligned_demo,SYNTHETIC
SEG_041,80.24000000000001,12.8,2026-09-28,Landsat-compatible synthetic,synthetic_fallback,Synthetic fallback,SYNTHETIC_LANDSAT_DEMO,0.0,0.08781750883598169,0.19031554518696162,0.11827783554837867,0.2605331357590987,0.10059839129733036,0.09843823241323559,-0.0020484029150313367,0.44003973415677533,0.3908080256317302,-0.013553377644513798,0.7791485897369501,water,0.7791485897369501,synthetic_mndwi_aligned_demo,SYNTHETIC
SEG_042,80.241,12.795,2026-09-28,Landsat-compatible synthetic,synthetic_fallback,Synthetic fallback,SYNTHETIC_LANDSAT_DEMO,0.0,0.07572673900426138,0.19445900141534134,0.13838543843281653,0.262956273395919,0.14548824158484686,0.15656851801488367,-0.10235879910773286,0.2218841280032966,0.2625799944126072,-0.06452196224974073,0.6875571388661481,water,0.6875571388661481,synthetic_mndwi_aligned_demo,SYNTHETIC
SEG_043,80.242,12.79,2026-09-28,Landsat-compatible synthetic,synthetic_fallback,Synthetic fallback,SYNTHETIC_LANDSAT_DEMO,0.0,0.06667799219399521,0.18738254893659395,0.13286586570098163,0.27895879372763643,0.11417776631985602,0.13331366666711586,-0.04060452051513157,0.32790804632013937,0.3635720674520635,-0.07892993781481232,0.759694333894331,water,0.759694333894331,synthetic_mndwi_aligned_demo,SYNTHETIC
SEG_044,80.24300000000001,12.785,2026-09-28,Landsat-compatible synthetic,synthetic_fallback,Synthetic fallback,SYNTHETIC_LANDSAT_DEMO,0.0,0.09392445487352727,0.1777869947758403,0.11169603366101793,0.21473350353465148,0.13455557317623024,0.1386707997818834,0.014773138168937341,0.23931002675910978,0.24717522580037338,-0.04237000733182916,0.6765537327145524,water,0.6765537327145524,synthetic_mndwi_aligned_demo,SYNTHETIC
SEG_045,80.244,12.78,2026-09-28,Landsat-compatible synthetic,synthetic_fallback,Synthetic fallback,SYNTHETIC_LANDSAT_DEMO,0.0,0.07485820773703432,0.16201362435195088,0.13575242303326868,0.232992361774124,0.1678533730304656,0.1361167615747839,0.012795660765553893,0.31048482845736913,0.2887695172216385,0.05049616131656582,0.7062639408725989,water,0.7062639408725989,synthetic_mndwi_aligned_demo,SYNTHETIC
SEG_046,80.245,12.775,2026-09-28,Landsat-compatible synthetic,synthetic_fallback,Synthetic fallback,SYNTHETIC_LANDSAT_DEMO,0.0,0.08104071702699168,0.19385535779283652,0.1357754040318932,0.22069946583132918,0.1533469750442463,0.12883119711442786,0.018409916505128826,0.38334940176995386,0.2662886481623759,0.07795784490097209,0.6902061772588399,water,0.6902061772588399,synthetic_mndwi_aligned_demo,SYNTHETIC
SEG_047,80.24600000000001,12.77,2026-09-28,Landsat-compatible synthetic,synthetic_fallback,Synthetic fallback,SYNTHETIC_LANDSAT_DEMO,0.0,0.06323923830515589,0.18179659016803523,0.1160651392516514,0.2861157138038237,0.16840724756461856,0.10978808180634556,-0.023150652569141852,0.17887834707200956,0.2742523966705477,-0.08186755776350932,0.6958945690503913,water,0.6958945690503913,synthetic_mndwi_aligned_demo,SYNTHETIC
SEG_048,80.247,12.765,2026-09-28,Landsat-compatible synthetic,synthetic_fallback,Synthetic fallback,SYNTHETIC_LANDSAT_DEMO,0.0,0.0892875667546309,0.18317152249768304,0.1359476591149269,0.21150211372688224,0.14768091602804115,0.1819967823565533,0.0005056938044235536,0.2318554741016783,0.24891730438408402,0.005989609216221481,0.67779807456006,water,0.67779807456006,synthetic_mndwi_aligned_demo,SYNTHETIC
SEG_049,80.248,12.76,2026-09-28,Landsat-compatible synthetic,synthetic_fallback,Synthetic fallback,SYNTHETIC_LANDSAT_DEMO,0.0,0.07914825208410962,0.18501671233259206,0.10667656234701067,0.25891354248447895,0.13243817627143942,0.14488684077039243,0.08156008510540089,0.21611280958729678,0.2106215988969043,0.08674938519948465,0.6504439992120745,water,0.6504439992120745,synthetic_mndwi_aligned_demo,SYNTHETIC
SEG_050,80.24900000000001,12.755,2026-09-28,Landsat-compatible synthetic,synthetic_fallback,Synthetic fallback,SYNTHETIC_LANDSAT_DEMO,0.0,0.07536990416680381,0.20875496372649513,0.09158637707868747,0.2363224740874622,0.1076287335760299,0.10005476217826377,0.0471265829042839,0.23392560641646173,0.25110053042980324,0.0536765628479022,0.6793575217355738,water,0.6793575217355738,synthetic_mndwi_aligned_demo,SYNTHETIC
SEG_051,80.25,12.75,2026-09-28,Landsat-compatible synthetic,synthetic_fallback,Synthetic fallback,SYNTHETIC_LANDSAT_DEMO,0.0,0.03553206743237523,0.1789233461737866,0.1547613073151165,0.2585966961295638,0.1365669838634611,0.13950834785756683,0.07724589342972632,0.2016625943138948,0.2448314083109822,0.02058390573404046,0.6748795773649873,water,0.6748795773649873,synthetic_mndwi_aligned_demo,SYNTHETIC
SEG_052,80.251,12.745,2026-09-28,Landsat-compatible synthetic,synthetic_fallback,Synthetic fallback,SYNTHETIC_LANDSAT_DEMO,0.0,0.09186209182535121,0.18618682901566355,0.12924085771768398,0.22671085571391078,0.17883890255453283,0.17328481446153732,0.03920162769679769,-0.0116832393454933,-0.01765188772643761,0.030738363987646584,0.4873915087668303,land,0.5126084912331696,synthetic_mndwi_aligned_demo,SYNTHETIC
SEG_053,80.25200000000001,12.74,2026-09-28,Landsat-compatible synthetic,synthetic_fallback,Synthetic fallback,SYNTHETIC_LANDSAT_DEMO,0.0,0.10105732088099836,0.1712007821717515,0.14130838437300386,0.24587364177542032,0.16510020595445993,0.17124286402380293,0.02586496355284005,0.08143447041909341,0.0012874102398794385,0.016244899419062236,0.500919578742771,water,0.500919578742771,synthetic_mndwi_aligned_demo,SYNTHETIC
SEG_054,80.253,12.735,2026-09-28,Landsat-compatible synthetic,synthetic_fallback,Synthetic fallback,SYNTHETIC_LANDSAT_DEMO,0.0,0.05651361391729229,0.19362616293504334,0.11122715746799532,0.27215168035703174,0.11101886279946442,0.12339193961589573,0.03456363838692665,-0.004995230431178225,0.021918622050523036,0.04294911114818181,0.5156561586075165,water,0.5156561586075165,synthetic_mndwi_aligned_demo,SYNTHETIC
SEG_055,80.254,12.73,2026-09-28,Landsat-compatible synthetic,synthetic_fallback,Synthetic fallback,SYNTHETIC_LANDSAT_DEMO,0.0,0.07619933646577978,0.1723484184653039,0.12204113522399634,0.2198350408779363,0.1797218479518496,0.15772120351480456,0.050484419265139954,-0.09683714861083481,-0.1116971026773714,0.037534957611876314,0.420216355230449,land,0.579783644769551,synthetic_mndwi_aligned_demo,SYNTHETIC
SEG_056,80.25500000000001,12.725,2026-09-28,Landsat-compatible synthetic,synthetic_fallback,Synthetic fallback,SYNTHETIC_LANDSAT_DEMO,0.0,0.07869358743421236,0.17493409445394595,0.10634632399908045,0.22594724471334843,0.13376586572218163,0.12114829491474416,0.11753811477794356,0.04467905056445674,0.026893970515937178,0.16095959664318404,0.5192099789399551,water,0.5192099789399551,synthetic_mndwi_aligned_demo,SYNTHETIC
SEG_057,80.256,12.72,2026-09-28,Landsat-compatible synthetic,synthetic_fallback,Synthetic fallback,SYNTHETIC_LANDSAT_DEMO,0.0,0.09350276846029945,0.19334532658741327,0.11519055548967969,0.23575069587833247,0.1727722169898531,0.14520239860832776,0.12073599494950289,-0.03300464795201202,-0.03607317146514173,0.07965953738418606,0.47423344895347014,land,0.5257665510465299,synthetic_mndwi_aligned_demo,SYNTHETIC
SEG_058,80.257,12.715,2026-09-28,Landsat-compatible synthetic,synthetic_fallback,Synthetic fallback,SYNTHETIC_LANDSAT_DEMO,0.0,0.08284765089256164,0.14402146567362265,0.13770277968692338,0.2828988086927816,0.16355225909046764,0.15415117137800302,0.11700059066295825,-0.15632996680607575,-0.17205211553053862,0.07245965846888189,0.377105631763901,land,0.622894368236099,synthetic_mndwi_aligned_demo,SYNTHETIC
SEG_059,80.25800000000001,12.71,2026-09-28,Landsat-compatible synthetic,synthetic_fallback,Synthetic fallback,SYNTHETIC_LANDSAT_DEMO,0.0,0.09071594723945989,0.20898798727607895,0.10063053957645597,0.22766461305839267,0.17840639653979976,0.18318026630887335,0.08601198160522487,-0.29157531868115055,-0.2739485834720228,0.04094619372163536,0.3043224403771266,land,0.6956775596228735,synthetic_mndwi_aligned_demo,SYNTHETIC
SEG_060,80.259,12.705,2026-09-28,Landsat-compatible synthetic,synthetic_fallback,Synthetic fallback,SYNTHETIC_LANDSAT_DEMO,0.0,0.06078396189731252,0.16340919252112568,0.1090934742965171,0.27580352974709976,0.17498153858348872,0.112619434156815,0.1548849755325867,-0.09368895269265237,-0.2029668837414389,0.0820994547573207,0.3550236544704008,land,0.6449763455295991,synthetic_mndwi_aligned_demo,SYNTHETIC
SEG_061,80.26,12.7,2026-09-28,Landsat-compatible synthetic,synthetic_fallback,Synthetic fallback,SYNTHETIC_LANDSAT_DEMO,0.0,0.07045077075346647,0.1873450837534023,0.1287536662143026,0.26465363920216234,0.13063498923066422,0.15423823726125332,0.13451155103757276,-0.010471878550733185,-0.08693871156720753,0.09550719228882924,0.43790092030913746,land,0.5620990796908625,synthetic_mndwi_aligned_demo,SYNTHETIC
SEG_062,80.26100000000001,12.695,2026-09-28,Landsat-compatible synthetic,synthetic_fallback,Synthetic fallback,SYNTHETIC_LANDSAT_DEMO,0.0,0.06790101643538941,0.14503567922013821,0.12711398530652937,0.2640076967454518,0.15935999869045622,0.17833520475507264,0.1796658370353303,-0.3182147604902267,-0.23279069436628308,0.16610562590632266,0.33372093259551205,land,0.666279067404488,synthetic_mndwi_aligned_demo,SYNTHETIC
SEG_063,80.262,12.69,2026-09-28,Landsat-compatible synthetic,synthetic_fallback,Synthetic fallback,SYNTHETIC_LANDSAT_DEMO,0.0,0.08706704440099894,0.1610923702228628,0.11014435768977149,0.2924714033800103,0.14948650749205472,0.09998297621525293,0.18405337384926795,-0.18982976398535167,-0.20596457084606773,0.13785538974801936,0.3528824493956659,land,0.6471175506043341,synthetic_mndwi_aligned_demo,SYNTHETIC
SEG_064,80.263,12.685,2026-09-28,Landsat-compatible synthetic,synthetic_fallback,Synthetic fallback,SYNTHETIC_LANDSAT_DEMO,0.0,0.07534274035706084,0.17182704704884802,0.11121013584068797,0.24187033167184468,0.1746518402924528,0.1529386414600603,0.2970503271989088,-0.08552850478542456,-0.06121234885846466,0.1943876369004669,0.4562768936725253,land,0.5437231063274748,synthetic_mndwi_aligned_demo,SYNTHETIC
SEG_065,80.264,12.68,2026-09-28,Landsat-compatible synthetic,synthetic_fallback,Synthetic fallback,SYNTHETIC_LANDSAT_DEMO,0.0,0.07494012256897241,0.1640541245988728,0.1245274582100785,0.22024017633456902,0.17967007795076698,0.14529653212372057,0.235069664722495,-0.20448417890766551,-0.327645277824419,0.20496802498723254,0.2659676586968436,land,0.7340323413031564,synthetic_mndwi_aligned_demo,SYNTHETIC
SEG_066,80.265,12.675,2026-09-28,Landsat-compatible synthetic,synthetic_fallback,Synthetic fallback,SYNTHETIC_LANDSAT_DEMO,0.0,0.08880888750204188,0.18331478793385805,0.10272828575038688,0.26561493052413043,0.1880918984140902,0.13659738325623452,0.21180027658206912,0.023242823118007738,-0.07683043354916344,0.14691801416129852,0.4451211188934547,land,0.5548788811065453,synthetic_mndwi_aligned_demo,SYNTHETIC
SEG_067,80.266,12.67,2026-09-28,Landsat-compatible synthetic,synthetic_fallback,Synthetic fallback,SYNTHETIC_LANDSAT_DEMO,0.0,0.07877618345472319,0.13088421793422653,0.09117917517137178,0.2749814195822283,0.16829904825843534,0.1037078509090518,0.22929748694090205,-0.4292138293241291,-0.3750684436365783,0.18463263573985028,0.23209396883101546,land,0.7679060311689845,synthetic_mndwi_aligned_demo,SYNTHETIC
SEG_068,80.267,12.665,2026-09-28,Landsat-compatible synthetic,synthetic_fallback,Synthetic fallback,SYNTHETIC_LANDSAT_DEMO,0.0,0.09253711844471506,0.17937062543111057,0.15070654687168084,0.27566715181102475,0.17727454660036282,0.14427782841792672,0.251624368429013,-0.23324216494463945,-0.19040967550245042,0.1743758068329138,0.3639930889268211,land,0.636006911073179,synthetic_mndwi_aligned_demo,SYNTHETIC
SEG_069,80.268,12.66,2026-09-28,Landsat-compatible synthetic,synthetic_fallback,Synthetic fallback,SYNTHETIC_LANDSAT_DEMO,0.0,0.07346888790584057,0.16242924206292045,0.12634418912201584,0.30504854448576324,0.1608090582855639,0.13949321996297812,0.27589183478344964,-0.12461386245708665,-0.19971736297099835,0.21886837200681364,0.3573447407350012,land,0.6426552592649988,synthetic_mndwi_aligned_demo,SYNTHETIC
SEG_070,80.269,12.655,2026-09-28,Landsat-compatible synthetic,synthetic_fallback,Synthetic fallback,SYNTHETIC_LANDSAT_DEMO,0.0,0.06759942429624659,0.1543467057002904,0.08018301617747539,0.24096725707444205,0.1542030872086823,0.14598287453010408,0.2505821818366218,-0.19300097132362345,-0.25012419051201684,0.14544153584255712,0.321339863919988,land,0.678660136080012,synthetic_mndwi_aligned_demo,SYNTHETIC
SEG_071,80.27,12.65,2026-09-28,Landsat-compatible synthetic,synthetic_fallback,Synthetic fallback,SYNTHETIC_LANDSAT_DEMO,0.0,0.09573760432162023,0.15269315567693578,0.10115257902316842,0.27990771257190483,0.16530386268634165,0.1607373618149556,0.25943988590049266,-0.256540523235422,-0.19469170001915276,0.21881526677901286,0.36093449998631943,land,0.6390655000136806,synthetic_mndwi_aligned_demo,SYNTHETIC
SEG_072,80.271,12.645,2026-09-28,Landsat-compatible synthetic,synthetic_fallback,Synthetic fallback,SYNTHETIC_LANDSAT_DEMO,0.0,0.07683964978455265,0.1440200677523064,0.09044006197379935,0.28768256992271807,0.16755859456265415,0.1312165081326644,0.30538844040851576,-0.3536575309827125,-0.29155284414027405,0.2592176348235904,0.2917479684712328,land,0.7082520315287673,synthetic_mndwi_aligned_demo,SYNTHETIC
SEG_073,80.272,12.64,2026-09-28,Landsat-compatible synthetic,synthetic_fallback,Synthetic fallback,SYNTHETIC_LANDSAT_DEMO,0.0,0.066156703371571,0.19709901878239514,0.11764437835285022,0.2921550629662268,0.1523524798074897,0.12973384104660093,0.3297213195469611,-0.43995823452260163,-0.30311396380028627,0.23536396091781717,0.2834900258569384,land,0.7165099741430616,synthetic_mndwi_aligned_demo,SYNTHETIC
SEG_074,80.273,12.635,2026-09-28,Landsat-compatible synthetic,synthetic_fallback,Synthetic fallback,SYNTHETIC_LANDSAT_DEMO,0.0,0.08417215589681941,0.17265199962447988,0.12579924060849326,0.28951155818751484,0.14074053770419248,0.10556501096680518,0.29336351138903094,-0.22983522270870957,-0.26275955184055716,0.24372885495282273,0.31231460582817344,land,0.6876853941718266,synthetic_mndwi_aligned_demo,SYNTHETIC
SEG_075,80.274,12.63,2026-09-28,Landsat-compatible synthetic,synthetic_fallback,Synthetic fallback,SYNTHETIC_LANDSAT_DEMO,0.0,0.08148552231510801,0.18982461550136565,0.14008219069812253,0.28731607499449713,0.16355585235034228,0.13092953659394768,0.3440863569196086,-0.2810411068119234,-0.21980372564112316,0.2366783411852984,0.34299733882776917,land,0.6570026611722308,synthetic_mndwi_aligned_demo,SYNTHETIC
SEG_076,80.275,12.625,2026-09-28,Landsat-compatible synthetic,synthetic_fallback,Synthetic fallback,SYNTHETIC_LANDSAT_DEMO,0.0,0.10677752603108197,0.1907780056991605,0.10040265317608435,0.29029843739132566,0.1877212381548931,0.16079388045602913,0.2892295428389367,-0.3594782736424302,-0.2985741992987012,0.3073077809389948,0.286732714786642,land,0.713267285213358,synthetic_mndwi_aligned_demo,SYNTHETIC
SEG_077,80.276,12.62,2026-09-28,Landsat-compatible synthetic,synthetic_fallback,Synthetic fallback,SYNTHETIC_LANDSAT_DEMO,0.0,0.08511187112003159,0.13643761389995385,0.11464858340240099,0.25912386482255867,0.1442658852294027,0.181526495891779,0.33028663793786806,-0.15285323346580204,-0.19725408764406216,0.29985083074835417,0.3591042231113842,land,0.6408957768886159,synthetic_mndwi_aligned_demo,SYNTHETIC
SEG_078,80.277,12.615,2026-09-28,Landsat-compatible synthetic,synthetic_fallback,Synthetic fallback,SYNTHETIC_LANDSAT_DEMO,0.0,0.08018079770902739,0.17786219107457008,0.0963591681531947,0.2861185890618487,0.16894991164772022,0.12014071212669622,0.36193806449377774,-0.13953105657328493,-0.15484386158463742,0.34816610844829077,0.3893972417252589,land,0.6106027582747411,synthetic_mndwi_aligned_demo,SYNTHETIC
SEG_079,80.278,12.61,2026-09-28,Landsat-compatible synthetic,synthetic_fallback,Synthetic fallback,SYNTHETIC_LANDSAT_DEMO,0.0,0.08017168158637199,0.1733193072083848,0.11454145917041454,0.26553578288585344,0.15292200478678034,0.14863540143549828,0.30608632505742117,-0.18355730469224324,-0.29141097469092164,0.2869997761542103,0.2918493037921988,land,0.7081506962078012,synthetic_mndwi_aligned_demo,SYNTHETIC
SEG_080,80.279,12.605,2026-09-28,Landsat-compatible synthetic,synthetic_fallback,Synthetic fallback,SYNTHETIC_LANDSAT_DEMO,0.0,0.053199387329478834,0.16397055248281608,0.12973617601108095,0.2924773173594974,0.1974864303168065,0.15435401890531059,0.2599672388708941,-0.3087205603091823,-0.3393938691820344,0.23271009283825705,0.25757580772711824,land,0.7424241922728818,synthetic_mndwi_aligned_demo,SYNTHETIC
SEG_081,80.28,12.6,2026-09-28,Landsat-compatible synthetic,synthetic_fallback,Synthetic fallback,SYNTHETIC_LANDSAT_DEMO,0.0,0.09930996667407599,0.18848078647256847,0.11268997184920883,0.23552784454259618,0.17051637622762356,0.1578634304304837,0.26632991514117904,-0.3172938690718087,-0.3379701633568301,0.23775882890095706,0.25859274045940706,land,0.7414072595405929,synthetic_mndwi_aligned_demo,SYNTHETIC
SEG_082,80.281,12.595,2026-09-28,Landsat-compatible synthetic,synthetic_fallback,Synthetic fallback,SYNTHETIC_LANDSAT_DEMO,0.0,0.07057900874411939,0.17520901438444136,0.10826499797050507,0.27462817636224307,0.1792391333340767,0.12823146227979595,0.28525566637784294,-0.2603279686424916,-0.2755010575406855,0.2273485841788482,0.3032135303280818,land,0.6967864696719182,synthetic_mndwi_aligned_demo,SYNTHETIC
SEG_083,80.282,12.59,2026-09-28,Landsat-compatible synthetic,synthetic_fallback,Synthetic fallback,SYNTHETIC_LANDSAT_DEMO,0.0,0.052072322701362334,0.1691760667931076,0.113192162300524,0.2734177129642043,0.19854146175160228,0.09794944347636704,0.3635798434983236,-0.3548780742247021,-0.2851533034606449,0.24554323350445917,0.2963190689566822,land,0.7036809310433179,synthetic_mndwi_aligned_demo,SYNTHETIC
SEG_084,80.283,12.585,2026-09-28,Landsat-compatible synthetic,synthetic_fallback,Synthetic fallback,SYNTHETIC_LANDSAT_DEMO,0.0,0.06870662124157069,0.15408500973753678,0.1078012321905905,0.3122113207624321,0.2067828201858912,0.14130928484010968,0.36524188670319474,-0.2683685794163184,-0.20070173352281562,0.2990614083440187,0.3566416189122745,land,0.6433583810877255,synthetic_mndwi_aligned_demo,SYNTHETIC
SEG_085,80.284,12.58,2026-09-28,Landsat-compatible synthetic,synthetic_fallback,Synthetic fallback,SYNTHETIC_LANDSAT_DEMO,0.0,0.08196586739069217,0.18474331500095695,0.16168356662327388,0.29127833220731536,0.14906242746584542,0.1619461318574169,0.2999619283619566,0.041067100304571336,-0.06415436129749352,0.2521686796180584,0.4541754562160761,land,0.545824543783924,synthetic_mndwi_aligned_demo,SYNTHETIC
SEG_086,80.285,12.575,2026-09-28,Landsat-compatible synthetic,synthetic_fallback,Synthetic fallback,SYNTHETIC_LANDSAT_DEMO,0.0,0.0841786387176771,0.17115120396138434,0.11957336696767021,0.27800104709296025,0.1326712869407936,0.16245995384811218,0.2737689965705654,-0.17369643030451137,-0.22821251189803804,0.2336362147181152,0.33699106292997283,land,0.6630089370700272,synthetic_mndwi_aligned_demo,SYNTHETIC
SEG_087,80.286,12.57,2026-09-28,Landsat-compatible synthetic,synthetic_fallback,Synthetic fallback,SYNTHETIC_LANDSAT_DEMO,0.0,0.06959740753141579,0.1862555242540669,0.09527566489053199,0.252784944350208,0.1612589084254557,0.1494333674925058,0.2295853806952198,-0.26263249711383496,-0.25912782248231403,0.19766700369037044,0.3149086982269185,land,0.6850913017730815,synthetic_mndwi_aligned_demo,SYNTHETIC
SEG_088,80.287,12.565,2026-09-28,Landsat-compatible synthetic,synthetic_fallback,Synthetic fallback,SYNTHETIC_LANDSAT_DEMO,0.0,0.05162080620032135,0.13529911469625253,0.11501488191919809,0.25847746048965237,0.16484291834826592,0.1449694073652025,0.24001643434311196,-0.0947694517477976,-0.1382264123951713,0.20590404024168615,0.40126684828916337,land,0.5987331517108366,synthetic_mndwi_aligned_demo,SYNTHETIC
SEG_089,80.288,12.56,2026-09-28,Landsat-compatible synthetic,synthetic_fallback,Synthetic fallback,SYNTHETIC_LANDSAT_DEMO,0.0,0.06360014213168927,0.180929947855449,0.1324647487738373,0.26026382357330907,0.11602648497671333,0.11076852823571763,0.3104730952929685,-0.18787593125318186,-0.12120963719812838,0.22874298321199937,0.4134216877156226,land,0.5865783122843774,synthetic_mndwi_aligned_demo,SYNTHETIC
SEG_090,80.289,12.555,2026-09-28,Landsat-compatible synthetic,synthetic_fallback,Synthetic fallback,SYNTHETIC_LANDSAT_DEMO,0.0,0.0753238050376633,0.19364873197493734,0.10502530217636327,0.2426142422051924,0.1787500860653227,0.11662521883740841,0.24172191192080958,-0.20795482353355293,-0.18345150589826936,0.20662105882211565,0.36896321007266475,land,0.6310367899273353,synthetic_mndwi_aligned_demo,SYNTHETIC
SEG_091,80.29,12.55,2026-09-28,Landsat-compatible synthetic,synthetic_fallback,Synthetic fallback,SYNTHETIC_LANDSAT_DEMO,0.0,0.07066688832057923,0.2187214421533048,0.11144093136597258,0.23396257335377393,0.16450404319136744,0.12095961725080143,0.2588798447802964,-0.07095958082450907,-0.06211303142941903,0.26769615127772983,0.4556335489789864,land,0.5443664510210136,synthetic_mndwi_aligned_demo,SYNTHETIC
SEG_092,80.291,12.545,2026-09-28,Landsat-compatible synthetic,synthetic_fallback,Synthetic fallback,SYNTHETIC_LANDSAT_DEMO,0.0,0.094811077175696,0.19799299519761104,0.13632959433546213,0.27930999524307926,0.1937150241952285,0.10754119140333049,0.2607466006493621,-0.0955940737512835,-0.12892899907029098,0.20296957954433004,0.407907857806935,land,0.5920921421930649,synthetic_mndwi_aligned_demo,SYNTHETIC
SEG_093,80.292,12.54,2026-09-28,Landsat-compatible synthetic,synthetic_fallback,Synthetic fallback,SYNTHETIC_LANDSAT_DEMO,0.0,0.07750763237075402,0.2148898882308648,0.11346068576239945,0.27031239438622967,0.15879662511803552,0.14426787513235287,0.1996758645647434,-0.061686682662760846,-0.06884023433040437,0.15258100830412977,0.45082840404971114,land,0.5491715959502889,synthetic_mndwi_aligned_demo,SYNTHETIC
SEG_094,80.293,12.535,2026-09-28,Landsat-compatible synthetic,synthetic_fallback,Synthetic fallback,SYNTHETIC_LANDSAT_DEMO,0.0,0.0846443012286375,0.19112026689622158,0.09791204823991026,0.2619280020511407,0.17964412782828487,0.15799004359283353,0.24124920611531195,0.05315168152056906,-0.016766770612261554,0.25448364512611504,0.4880237352769561,land,0.5119762647230439,synthetic_mndwi_aligned_demo,SYNTHETIC
SEG_095,80.294,12.53,2026-09-28,Landsat-compatible synthetic,synthetic_fallback,Synthetic fallback,SYNTHETIC_LANDSAT_DEMO,0.0,0.08434038735435667,0.17394658281095068,0.12009219928412297,0.1914622384530425,0.16633202832473676,0.06597119437333296,0.24727097849361868,0.05595973059891396,0.026513728059284824,0.2461895194673555,0.5189383771852035,water,0.5189383771852035,synthetic_mndwi_aligned_demo,SYNTHETIC
SEG_096,80.295,12.525,2026-09-28,Landsat-compatible synthetic,synthetic_fallback,Synthetic fallback,SYNTHETIC_LANDSAT_DEMO,0.0,0.06931846937181592,0.20337507309932584,0.10837962611942191,0.3178726173450144,0.16500628627766903,0.15219647021058214,0.2179960953493973,-0.07224190658791148,-0.10089366682391919,0.15042381764278978,0.427933095125772,land,0.572066904874228,synthetic_mndwi_aligned_demo,SYNTHETIC
SEG_097,80.296,12.52,2026-09-28,Landsat-compatible synthetic,synthetic_fallback,Synthetic fallback,SYNTHETIC_LANDSAT_DEMO,0.0,0.07946583895714864,0.16047264263267685,0.11230326864330274,0.24074144908298858,0.1687778105478635,0.13292476180699697,0.19296251432924524,0.13404625307625573,0.1941868919177038,0.16072631362902973,0.6387049227983599,water,0.6387049227983599,synthetic_mndwi_aligned_demo,SYNTHETIC
SEG_098,80.297,12.515,2026-09-28,Landsat-compatible synthetic,synthetic_fallback,Synthetic fallback,SYNTHETIC_LANDSAT_DEMO,0.0,0.06500431656995928,0.16198463678597486,0.13314952930842128,0.24679487280796503,0.12814267135006216,0.1460598647492618,0.171032946130833,0.08379705706437689,0.07040973596000692,0.16388243020190146,0.5502926685428621,water,0.5502926685428621,synthetic_mndwi_aligned_demo,SYNTHETIC
SEG_099,80.298,12.51,2026-09-28,Landsat-compatible synthetic,synthetic_fallback,Synthetic fallback,SYNTHETIC_LANDSAT_DEMO,0.0,0.08561579677559394,0.19898078250071435,0.0969069358725024,0.2584211421555867,0.14602116377873303,0.12400304400002067,0.10145138280681783,0.17229772356497727,0.1585288206371609,0.10830116815864636,0.6132348718836863,water,0.6132348718836863,synthetic_mndwi_aligned_demo,SYNTHETIC
SEG_100,80.299,12.505,2026-09-28,Landsat-compatible synthetic,synthetic_fallback,Synthetic fallback,SYNTHETIC_LANDSAT_DEMO,0.0,0.07835398727554725,0.19584018121066998,0.12731892346822427,0.2639465467751835,0.151633061320552,0.14768928468738052,0.20917098042696924,0.3273066520295996,0.21964444875357803,0.217239569508101,0.6568888919668414,water,0.6568888919668414,synthetic_mndwi_aligned_demo,SYNTHETIC
